{"cameraMode":{"drawMode":0,"name":"Shaded","section":"Shading Mode"},"sceneLighting":true,"audioPlay":false,"sceneViewState":{"showFog":true,"showMaterialUpdate":false,"showSkybox":true,"showFlares":true,"showImageEffects":true,"showParticleSystems":true},"in2DMode":false,"pivot":{"x":230.62001037597657,"y":121.36214447021485,"z":749.0842895507813},"rotation":{"x":-0.0020527183078229429,"y":0.9844184517860413,"z":-0.17548325657844544,"w":-0.0115300128236413},"size":46.27599334716797,"orthographic":false}