{"cameraMode":{"drawMode":0,"name":"Shaded","section":"Shading Mode"},"sceneLighting":true,"audioPlay":false,"sceneViewState":{"showFog":true,"showMaterialUpdate":false,"showSkybox":true,"showFlares":true,"showImageEffects":true,"showParticleSystems":true},"in2DMode":false,"pivot":{"x":93.50183868408203,"y":36.86670684814453,"z":790.1554565429688},"rotation":{"x":-0.13764330744743348,"y":0.862339973449707,"z":-0.3412434160709381,"w":-0.3478328287601471},"size":1157.6341552734375,"orthographic":false}