{"cameraMode":{"drawMode":0,"name":"Shaded","section":"Shading Mode"},"sceneLighting":true,"audioPlay":false,"sceneViewState":{"showFog":false,"showMaterialUpdate":false,"showSkybox":false,"showFlares":false,"showImageEffects":false,"showParticleSystems":false},"in2DMode":false,"pivot":{"x":935.8600463867188,"y":7.616495132446289,"z":633.459716796875},"rotation":{"x":0.39068832993507388,"y":-0.009669490158557892,"z":0.004096799995750189,"w":0.9204750657081604},"size":35.490291595458987,"orthographic":false}