{"cameraMode":{"drawMode":0,"name":"Shaded","section":"Shading Mode"},"sceneLighting":true,"audioPlay":false,"sceneViewState":{"showFog":false,"showMaterialUpdate":false,"showSkybox":false,"showFlares":false,"showImageEffects":false,"showParticleSystems":false},"in2DMode":false,"pivot":{"x":368.89715576171877,"y":79.02641296386719,"z":848.10888671875},"rotation":{"x":-0.39013707637786868,"y":0.2904093563556671,"z":-0.1311587244272232,"w":-0.863865077495575},"size":2134.18212890625,"orthographic":false}